Date,Min temp,Max temp,Rainfall (mm),Direction of maximum wind gust ,Speed of maximum wind gust (km/h),Time of maximum wind gust,9am Temp,9am relative humidity (%),9am cloud amount (oktas),9am wind direction,9am wind speed (km/h),9am MSL pressure (hPa),3pm Temp,3pm relative humidity (%),3pm cloud amount (oktas),3pm wind direction,3pm wind speed (km/h),3pm MSL pressure (hPa),Rain Tomorrow
2021-04-1,10.7,24.0,0.0,NNE,30.0,15:28,15.7,85,0.0,SW,6,1024.5,23.5,60,0.0,NE,20,1022.1,0
2021-04-2,12.8,24.7,0.0,E,15.0,12:05,17.1,85,0.0,WSW,6,1026.3,23.8,62,0.0,E,9,1025.4,0
2021-04-3,9.7,25.7,0.0,NNE,33.0,16:21,15.4,82,0.0, ,Calm,1024.2,24.6,61,0.0,NE,24,1019.6,0
2021-04-4,11.6,27.8,0.0,SW,19.0,09:15,20.6,69,0.0,WSW,9,1018.0,25.2,64,0.0,ENE,13,1015.7,0
2021-04-5,16.4,23.0,0.0,SSE,22.0,09:41,21.3,76,8.0,SSW,11,1021.3,22.2,76,8.0,SSE,13,1020.0,0
2021-04-6,18.1,22.8,8.6,NE,20.0,17:53,19.9,91,8.0,SW,9,1022.9,22.3,80,7.0,E,11,1020.7,1
2021-04-7,16.8,24.1,11.8,ENE,20.0,14:19,21.0,84,0.0,SW,9,1020.2,23.6,72,0.0,NE,15,1016.4,1
2021-04-8,13.6,24.4,0.0,NNE,33.0,16:19,20.0,83,0.0,SSW,6,1013.5,23.5,73,0.0,NE,22,1008.3,0
2021-04-9,15.1,23.7,0.0,SSE,44.0,13:17,18.1,83,8.0,SSW,9,1003.5,19.9,67,8.0,SSE,20,1002.8,0
2021-04-10,12.5,19.9,0.2,NW,24.0,21:41,14.9,67,8.0,WSW,7,1005.9,19.2,56,1.0,ESE,13,1003.4,0
2021-04-11,8.2,19.2,0.0,SW,52.0,11:11,14.8,43,0.0,W,17,1008.2,18.9,26,2.0,SW,31,1008.7,0
2021-04-12,8.1,20.6,0.0,SW,35.0,00:27,15.7,39,0.0,SW,19,1018.6,19.3,37,4.0,WSW,13,1017.7,0
2021-04-13,7.0,21.4,0.0,NNE,35.0,16:21,15.9,54,0.0,NW,6,1022.1,19.5,49,0.0,NE,24,1016.3,0
2021-04-14,13.1,27.4,0.0,NNW,39.0,04:14,20.4,30,8.0,NW,15,1011.7,26.7,24,0.0,WNW,20,1008.5,0
2021-04-15,8.5,22.3,0.0,NE,28.0,16:03,16.9,58,0.0,SSW,9,1014.5,22.0,47,0.0,NE,20,1010.6,0
2021-04-16,9.4,19.3,0.0,SE,31.0,12:22,16.3,56,0.0,SSW,15,1021.9,18.5,47,0.0,SSE,17,1021.7,0
2021-04-17,9.6,19.6,0.0,SSE,28.0,20:14,14.7,72,8.0,SW,9,1024.2,18.7,62,1.0,SE,15,1021.5,0
2021-04-18,9.4,19.4,0.0,ENE,19.0,11:56,15.7,67,0.0,SW,9,1022.6,18.7,54,0.0,E,13,1018.9,0
2021-04-19,9.8,21.2,0.0,ENE,24.0,11:43,16.2,66,0.0,WNW,7,1017.7,20.6,47,0.0,ENE,13,1013.9,0
2021-04-20,7.6,22.3,0.0,SSW,37.0,23:57,17.6,53,0.0,WNW,9,1013.1,21.4,43,0.0,NE,17,1008.2,0
2021-04-21,9.1,19.4,0.0,SSW,35.0,00:08,14.9,43,0.0,SW,17,1013.6,18.4,44,0.0,S,13,1013.4,0
2021-04-22,4.7,20.6,0.0,S,26.0,10:49,13.9,55,0.0,W,11,1011.7,19.0,38,0.0,NE,15,1009.9,0
2021-04-23,4.4,20.6,0.0,NE,30.0,13:12,15.7,49,0.0,W,11,1016.5,20.0,41,0.0,NE,24,1014.9,0
2021-04-24,7.3,19.8,0.0,E,22.0,13:40,14.9,63,0.0,SW,9,1022.0,19.3,54,0.0,ENE,15,1019.5,0
2021-04-25,9.8,19.9,0.0,SW,20.0,07:33,15.5,71,0.0,SW,9,1024.7,19.1,47,0.0,ESE,15,1022.4,0
2021-04-26,8.2,19.9,0.0,WSW,19.0,01:36,16.2,65,0.0,SSW,4,1025.7,19.3,57,0.0,ESE,11,1023.4,0
2021-04-27,11.3,19.7,0.0,ESE,20.0,11:36,15.5,74,8.0,W,9,1028.1,19.1,60,0.0,ESE,13,1025.6,0
2021-04-28,11.9,21.3,0.0,NE,28.0,13:58,17.4,72,0.0,WNW,7,1025.9,20.5,64,0.0,NE,19,1022.7,0
2021-04-29,9.3,20.3,0.0,SE,19.0,12:34,15.2,82,0.0,SW,4,1024.4,19.9,68,0.0,ESE,11,1023.0,0
2021-04-30,9.4,21.3,0.0,ENE,26.0,13:17,14.5,91,0.0,SW,7,1028.7,21.2,66,0.0,NE,19,1026.7,0
2021-01-1,18.5,22.9,0.0,SE,28.0,11:09,20.6,56,8.0,SE,13,1023.3,21.4,55,8.0,ESE,19,1021.5,0
2021-01-2,13.7,21.7,0.0,NE,37.0,22:38,18.1,76,8.0,W,6,1017.4,20.9,62,8.0,NE,15,1014.3,0
2021-01-3,17.2,22.4,27.8,NNE,39.0,12:40,18.3,97,8.0, ,Calm,1010.0,21.1,92,8.0,NNE,26,1007.3,1
2021-01-4,17.1,23.9,2.0,SSE,35.0,14:04,21.8,90,0.0,E,6,1005.4,22.0,89,7.0,SSE,22,1005.0,1
2021-01-5,17.2,24.1,15.4,SSE,41.0,18:14,21.1,75,8.0,SW,4,1008.7,21.9,76,8.0,E,13,1007.1,1
2021-01-6,14.2,21.8,1.0,S,43.0,14:11,21.0,67,2.0,S,20,1015.7,21.0,63,8.0,SSE,28,1016.9,1
2021-01-7,15.6,23.0,0.2,SSE,50.0,12:24,19.2,64,8.0,SW,19,1022.6,22.1,51,0.0,SSE,31,1022.9,0
2021-01-8,16.0,22.8,0.2,S,31.0,11:25,17.6,67,8.0,SW,17,1025.6,20.0,65,8.0, ,Calm,1024.6,0
2021-01-9,16.4,24.2,0.0,NE,33.0,14:34,20.5,65,8.0, ,Calm,1023.4,24.1,59,0.0,NE,22,1020.8,0
2021-01-10,12.6,25.9,0.0,NE,31.0,16:21,20.9,71,0.0,E,7,1019.8,25.1,66,0.0,ENE,22,1017.8,0
2021-01-11,13.5,26.3,0.0,NNE,44.0,14:42,23.1,63,0.0,N,9,1016.7,25.4,68,0.0,NNE,30,1013.6,0
2021-01-12,16.8,27.6,0.0,S,35.0,14:25,22.6,71,0.0,NE,9,1012.3,23.9,66,7.0,SSE,20,1013.3,0
2021-01-13,16.3,27.1,0.0,NNE,57.0,15:51,24.3,66,0.0,NNE,17,1015.9,26.4,64,0.0,NNE,33,1012.1,0
2021-01-14,19.6,25.8,0.0,S,63.0,10:25,24.5,71,0.0,NE,4,1007.7,21.2,73,8.0,SSE,26,1009.6,0
2021-01-15,15.0,24.6,0.0,SSE,59.0,19:30,21.1,59,4.0,NNW,4,1007.9,23.6,68,0.0,NE,20,1001.8,0
2021-01-16,10.0,26.3,8.2,W,39.0,08:09,17.8,35,0.0,W,13,1008.7,22.4,49,0.0,ENE,26,1006.9,1
2021-01-17,10.9,22.4,0.0,SE,31.0,09:48,19.0,54,0.0,S,13,1014.2,21.8,46,0.0,ESE,15,1014.1,0
2021-01-18,11.3,25.0,0.0,SE,28.0,19:49,19.9,60,0.0,SW,7,1014.8,24.2,56,0.0,E,17,1010.8,0
2021-01-19,17.2,24.0,0.0,SSE,43.0,09:02,20.3,46,0.0,S,22,1017.6,21.4,48,6.0,SE,26,1019.1,0
2021-01-20,14.0,22.9,0.0,SSW,26.0,23:19,18.9,49,0.0,SW,13,1024.6,22.2,47,0.0,ENE,17,1021.9,0
2021-01-21,13.9,25.6,0.0,NE,46.0,14:11,21.6,54,0.0,NNW,13,1018.9,25.0,55,0.0,NE,33,1013.5,0
2021-01-22,14.5,30.0,0.0,S,43.0,17:31,23.9,62,0.0,N,9,1008.3,27.7,63,7.0,NE,15,1004.7,0
2021-01-23,16.1,27.1,0.0,E,22.0,10:25,24.8,51,0.0,NE,4,1012.3,25.8,62,4.0,E,17,1011.6,0
2021-01-24,20.1,29.0,0.0,ESE,22.0,13:48,25.2,73,0.0,ESE,6,1010.8,27.7,74,0.0,SE,17,1008.3,0
2021-01-25,20.6,32.6,0.0,NNE,46.0,12:38,27.0,72,0.0,NNE,15,1006.7,29.0,59,0.0,NNE,31,1001.9,0
2021-01-26,20.0,34.7,0.0,S,59.0,17:02,32.5,27,0.0,NW,20,998.7,25.6,63,8.0,ENE,9,998.7,0
2021-01-27,17.5,22.1,11.8,S,39.0,09:11,18.6,77,7.0,S,20,1014.5,21.5,58,8.0,SW,15,1016.9,1
2021-01-28,16.5,20.1,8.4,ESE,30.0,23:06,16.9,94,8.0,WSW,13,1023.4,18.9,77,8.0,WNW,6,1023.2,1
2021-01-29,16.4,20.4,9.4,ENE,50.0,08:23,19.5,89,6.0,ENE,31,1019.2,19.7,94,8.0,N,9,1016.3,1
2021-01-30,18.3,27.5,28.8,S,43.0,17:11,20.3,96,8.0, ,Calm,1010.3,25.4,75,0.0,NNE,28,1007.1,1
2021-01-31,17.4,21.7,1.2,SSE,22.0,10:50,17.8,94,0.0,SW,11,1017.7,20.8,70,0.0,SSE,11,1017.9,1
2020-11-1,13.8,21.0,60.2,S,54.0,11:40,15.1,85,8.0,SSW,26,1018.1,19.7,66,0.0,SSE,30,1020.9,1
2020-11-2,10.7,20.6,0.0,ESE,22.0,12:13,18.9,69,4.0,SSW,11,1028.5,19.7,63,0.0,ENE,17,1026.7,0
2020-11-3,9.2,20.8,0.0,NE,33.0,13:52,17.7,71,2.0,N,9,1026.4,20.5,64,0.0,NE,24,1022.6,0
2020-11-4,9.7,25.3,0.0,S,39.0,22:56,17.8,77,0.0,ENE,11,1014.1,23.4,66,1.0,NE,22,1008.5,0
2020-11-5,11.2,15.5,24.8,S,57.0,03:18,11.6,94,8.0,SW,6,1012.3,14.0,81,8.0,SSW,11,1013.0,1
2020-11-6,7.5,18.6,1.2,SE,26.0,11:47,15.3,56,0.0,WSW,9,1019.2,18.0,52,0.0,ESE,15,1016.8,1
2020-11-7,11.9,19.6,0.0,SE,48.0,11:05,17.7,49,1.0,S,19,1021.3,18.1,48,0.0,SSE,31,1023.0,0
2020-11-8,9.2,18.8,0.0,ENE,26.0,14:37,16.0,44,0.0,SW,7,1029.8,18.3,51,0.0,E,20,1028.3,0
2020-11-9,10.6,20.4,0.0,ENE,35.0,11:43,18.4,62,0.0,ENE,13,1028.0,19.5,54,0.0,NE,26,1024.8,0
2020-11-10,8.8,21.8,0.0,NE,43.0,13:44,18.7,59,0.0,NNE,13,1023.4,20.9,64,0.0,NE,30,1019.1,0
2020-11-11,10.3,23.0,0.0,NE,48.0,14:02,19.5,68,0.0,ENE,11,1017.4,21.9,72,0.0,NE,35,1012.2,0
2020-11-12,14.9,28.7,0.0,NNW,43.0,12:48,19.0,85,8.0,NNE,9,1007.9,27.3,42,8.0,NW,19,1004.2,0
2020-11-13,16.5,21.6,1.6,S,35.0,19:20,20.4,75,1.0,SSE,11,1003.6,20.3,82,8.0,SE,17,1001.1,1
2020-11-14,15.3,21.6,2.8,ESE,22.0,10:04,18.1,78,6.0,SSW,9,1009.4,20.6,73,0.0,ENE,19,1008.2,1
2020-11-15,13.5,26.3,0.2,NNE,39.0,14:49,20.7,74,0.0,ENE,11,1014.7,23.2,69,0.0,NE,26,1011.6,0
2020-11-16,19.4,36.1,0.0,NW,65.0,10:36,21.7,72,3.0,NE,11,1006.7,32.1,25,8.0,WNW,30,1005.8,0
2020-11-17,14.5,20.8,0.0,SSE,33.0,07:22,17.8,57,8.0,SSE,17,1019.7,18.9,49,7.0,ESE,19,1020.4,0
2020-11-18,14.7,22.1,0.0,NNE,41.0,17:15,18.8,71,0.0,E,13,1024.8,20.7,62,0.0,NE,28,1021.3,0
2020-11-19,11.8,22.9,0.0,NNE,46.0,15:12,19.8,71,0.0,NE,15,1021.3,22.0,71,0.0,NE,30,1016.9,0
2020-11-20,14.7,24.2,0.0,SSE,52.0,13:24,21.3,76,0.0,ENE,15,1013.8,23.6,74,2.0,SSE,31,1015.6,0
2020-11-21,14.0,22.3,0.0,SSE,30.0,23:29,20.3,67,8.0,SE,9,1023.4,20.6,72,8.0,ENE,17,1020.9,0
2020-11-22,17.4,26.4,0.0,SSE,35.0,16:04,20.7,73,8.0,ENE,11,1015.4,25.6,66,8.0,ENE,9,1010.5,0
2020-11-23,19.0,25.1,4.8,SSE,41.0,17:20,22.2,72,8.0,NW,11,1005.1,19.8,82,8.0,E,9,1001.9,1
2020-11-24,12.0,21.6,10.4,ESE,28.0,12:24,19.0,69,0.0,SE,6,1012.2,20.5,65,0.0,ESE,19,1011.3,1
2020-11-25,16.4,22.5,0.0,NNE,46.0,15:20,19.4,66,6.0,NE,15,1014.8,21.7,68,0.0,NE,33,1010.2,0
2020-11-26,15.2,24.7,0.0,S,48.0,14:49,22.1,73,0.0,E,9,1010.8,23.3,72,4.0,SE,26,1011.5,0
2020-11-27,16.3,33.9,0.0,NNE,37.0,13:19,20.2,61,1.0,NE,13,1018.1,22.0,66,0.0,NE,26,1012.6,0
2020-11-28,16.1,40.5,0.0,WNW,56.0,11:03,33.7,30,1.0,WNW,22,1005.0,38.3,21,0.0,WNW,15,1002.0,0
2020-11-29,19.2,36.2,1.8,NNW,74.0,08:14,32.8,32,0.0,NW,24,993.5,24.9,65,0.0,NE,19,999.4,1
2020-11-30,16.5,22.6,0.0,SSE,41.0,23:25,19.6,53,0.0,E,7,1018.4,20.1,64,8.0,NE,20,1016.2,0
2021-08-1,7.3,13.2,0.0,S,48.0,08:10,13.2,78,8.0,S,15,1007.1,10.3,92,8.0,S,9,1009.8,0
2021-08-2,0.6,16.0,6.4,NNE,35.0,15:16,7.1,95,0.0,WSW,4,1020.5,15.7,63,0.0,NE,22,1016.3,1
2021-08-3,7.1,19.4,0.0,WNW,35.0,12:18,14.7,57,0.0,NNW,15,1006.3,17.4,37,3.0,WNW,11,1004.8,0
2021-08-4,4.6,19.1,0.0,WSW,46.0,16:19,13.0,41,0.0,NW,13,1008.9,17.2,34,0.0,SSW,22,1009.0,0
2021-08-5,4.5,18.7,0.0,SW,37.0,10:53,13.4,55,0.0,WSW,7,1015.7,16.6,55,0.0,ENE,11,1015.3,0
2021-08-6,1.8,17.4,0.0,ENE,20.0,12:52,10.1,79,0.0,W,2,1020.9,16.3,63,0.0,ENE,13,1018.8,0
2021-08-7,5.5,15.8,0.0,SW,20.0,21:51,11.7,61,6.0,WNW,9,1024.7,15.3,59,0.0,ESE,13,1022.1,0
2021-08-8,5.3,15.8,0.2,SSE,28.0,10:31,12.3,78,8.0,WSW,11,1033.4,14.8,47,0.0,E,13,1031.9,0
2021-08-9,3.3,16.9,0.0,NE,28.0,13:09,8.6,95,8.0, ,Calm,1030.6,16.0,65,0.0,NE,19,1025.3,0
2021-08-10,4.0,22.2,0.2,NNW,37.0,13:15,11.1,83,0.0,SSW,4,1024.6,21.3,28,0.0,NNW,20,1020.1,0
2021-08-11,10.7,25.0,0.0,WNW,57.0,15:14,20.2,41,0.0,NNW,19,1019.5,24.4,31,0.0,NW,22,1013.7,0
2021-08-12,8.5,20.8,0.0,WNW,35.0,00:44,15.5,42,0.0,WNW,9,1023.3,17.0,62,0.0,NE,15,1022.8,0
2021-08-13,4.1,17.8,0.0,ESE,22.0,12:20,11.8,62,0.0,WSW,7,1026.9,16.2,58,0.0,E,11,1023.7,0
2021-08-14,2.7,17.5,0.0,ENE,26.0,13:52,11.1,65,0.0,WSW,4,1029.0,17.0,61,0.0,NE,17,1025.0,0
2021-08-15,1.3,18.7,0.0,NE,20.0,13:57,12.1,55,0.0,W,11,1024.4,16.5,52,0.0,NE,15,1020.0,0
2021-08-16,2.5,22.8,0.0,W,37.0,14:33,15.1,42,0.0,NW,15,1018.1,21.8,21,0.0,W,20,1014.1,0
2021-08-17,2.8,17.4,0.0,ESE,26.0,12:01,12.4,54,0.0,W,9,1021.4,15.9,47,0.0,ESE,11,1020.2,0
2021-08-18,3.2,16.2,0.0,NE,30.0,13:26,11.0,64,0.0,SW,6,1025.7,15.5,61,0.0,NE,19,1021.5,0
2021-08-19,2.6,17.0,0.0,SW,17.0,04:23,10.2,79,0.0,SW,7,1023.7,15.3,68,0.0,SE,11,1020.8,0
2021-08-20,3.0,20.3,0.2,NE,33.0,14:25,10.0,87,0.0,N,6,1019.6,17.6,65,0.0,NE,22,1014.4,0
2021-08-21,6.7,19.8,0.2,ENE,30.0,13:21,13.3,77,1.0,NNW,4,1017.1,17.5,68,3.0,ENE,11,1013.7,0
2021-08-22,4.7,26.0,0.0,NW,35.0,14:53,13.8,76,0.0,SW,7,1019.3,25.5,23,0.0,NNW,19,1013.2,0
2021-08-23,6.3,27.7,0.2,S,57.0,17:03,21.1,40,0.0,N,24,1009.1,24.4,34,8.0,NNW,22,1005.5,0
2021-08-24,7.7,12.0,32.8,SSW,76.0,20:23,9.2,84,7.0,SW,22,1010.7,11.3,84,8.0,SSW,33,1007.8,1
2021-08-25,9.2,16.4,5.2,SSW,78.0,01:04,11.6,64,7.0,SW,31,1012.2,15.5,50,8.0,SSW,39,1011.6,1
2021-08-26,5.6,17.6,0.0,S,37.0,11:38,13.6,55,7.0,SW,13,1017.6,16.2,49,8.0,S,15,1016.1,0
2021-08-27,9.6,13.2,3.0,WNW,24.0,19:27,10.6,92,8.0,WSW,9,1016.5,10.4,93,8.0,W,11,1014.4,1
2021-08-28,9.3,17.6,23.6,SW,30.0,09:52,13.2,71,8.0,SSW,11,1017.1,15.0,67,7.0,SSE,17,1015.8,1
2021-08-29,7.7,14.8,0.2,NW,19.0,16:02,11.1,93,8.0,WSW,9,1014.4,14.1,71,8.0,WNW,4,1010.9,0
2021-08-30,3.6,16.4,0.2,ENE,22.0,15:23,12.2,67,0.0,NW,4,1017.9,16.1,48,8.0,ENE,17,1016.1,0
2021-08-31,3.2,18.4,0.0,NE,30.0,13:34,12.4,73,0.0, ,Calm,1021.2,17.3,64,0.0,NE,20,1017.7,0
2021-06-1,0.8,18.6,0.0,SW,15.0,09:39,7.6,89,0.0,WNW,2,1021.0,16.1,59,0.0,NNE,9,1019.4,0
2021-06-2,6.4,19.2,0.0,W,17.0,04:22,13.4,64,0.0,W,7,1020.6,18.2,53,0.0,ENE,13,1017.4,0
2021-06-3,8.3,13.0,0.2,WSW,17.0,10:23,11.6,91,8.0,W,6,1015.5,12.8,95,8.0,WSW,7,1011.4,0
2021-06-4,9.7,18.8,6.2,S,30.0,14:08,13.0,82,6.0, ,Calm,1010.2,15.9,60,8.0,SSW,15,1010.8,1
2021-06-5,1.0,15.9,0.0,NNE,28.0,12:17,6.9,77,0.0, ,Calm,1021.8,15.1,43,0.0,NNE,17,1018.3,0
2021-06-6,3.3,19.5,0.0,NNE,22.0,15:38,10.2,71,0.0,NNW,2,1023.7,18.2,50,0.0,NE,15,1021.5,0
2021-06-7,4.2,18.6,0.0,N,20.0,18:22,9.0,96,0.0,NNW,4,1021.3,17.9,53,0.0,NNE,11,1016.0,0
2021-06-8,9.0,20.7,0.0,NNW,52.0,05:53,14.5,47,0.0,N,9,1009.5,20.1,31,0.0,NNW,15,1005.4,0
2021-06-9,7.5,15.2,0.0,SSW,33.0,14:04,9.6,74,8.0,W,11,1004.1,12.7,62,8.0,SW,13,999.6,0
2021-06-10,2.8,12.1,11.8,SSW,35.0,23:09,6.7,92,6.0,W,7,1006.1,10.8,91,8.0,W,7,1006.8,1
2021-06-11,6.5,15.2,33.2,SW,46.0,00:54,12.1,94,7.0,WSW,15,1009.9,11.6,91,8.0,W,9,1009.4,1
2021-06-12,7.6,14.4,6.4,WNW,37.0,02:30,13.8,54,8.0,NW,17,1010.6,13.5,63,8.0,NNW,15,1011.3,1
2021-06-13,7.4,19.4,0.0,WNW,20.0,01:58,13.9,56,0.0,WNW,7,1015.0,18.2,53,0.0,ENE,13,1013.4,0
2021-06-14,9.0,18.6,0.0,NW,28.0,21:31,11.9,89,1.0,WSW,6,1016.6,16.5,63,7.0,SE,9,1014.7,0
2021-06-15,10.6,18.1,3.0,SE,19.0,13:34,12.9,88,7.0,W,9,1018.1,16.0,68,7.0,SSE,9,1015.9,1
2021-06-16,4.5,17.9,0.0,NW,24.0,17:21,10.2,94,0.0, ,Calm,1016.0,17.7,69,8.0,NNE,9,1011.1,0
2021-06-17,8.6,18.4,18.6,SW,24.0,14:49,11.1,81,5.0,WSW,7,1006.3,17.6,36,0.0,WSW,15,1004.0,1
2021-06-18,3.0,14.3,0.0,SW,50.0,21:48,12.3,57,8.0,W,11,1005.4,11.5,85,7.0,W,11,1005.3,0
2021-06-19,10.8,16.5,6.2,SW,59.0,02:27,14.2,55,1.0,SW,31,1015.7,15.2,54,8.0,SSW,28,1018.2,1
2021-06-20,10.8,16.5,0.0,SW,43.0,09:38,13.6,61,7.0,SW,22,1025.5,14.4,60,8.0,SSW,17,1025.3,0
2021-06-21,7.9,16.1,0.0,SE,24.0,14:25,13.3,65,8.0,WSW,11,1028.8,13.9,77,8.0,SE,11,1027.1,0
2021-06-22,7.1,17.4,0.0,ENE,24.0,14:11,11.9,80,8.0,SW,11,1031.7,15.5,67,4.0,NE,17,1028.7,0
2021-06-23,7.7,18.0,0.0,N,30.0,22:02,9.5,96,8.0,WNW,2,1025.7,14.0,76,7.0,NNE,6,1020.3,0
2021-06-24,9.5,20.9,0.0,NNW,50.0,12:14,17.7,62,7.0,N,9,1010.8,16.2,82,8.0,NNW,7,1008.7,0
2021-06-25,5.5,19.0,2.6,WNW,33.0,15:55,9.1,92,0.0, ,Calm,1013.3,17.8,44,0.0,NW,13,1011.6,1
2021-06-26,5.3,19.1,0.0,WNW,28.0,09:50,13.1,58,0.0,WNW,13,1016.6,18.6,41,2.0,NW,6,1015.8,0
2021-06-27,4.2,19.1,0.0,W,26.0,11:17,11.9,51,0.0,NW,7,1023.9,16.2,53,7.0,ENE,9,1024.6,0
2021-06-28,5.4,15.5,0.0,S,22.0,10:43,9.6,90,0.0,WSW,7,1033.0,14.8,55,0.0,SE,13,1031.9,0
2021-06-29,4.8,17.5,0.0,NNE,15.0,18:47,9.3,86,0.0,WSW,6,1035.2,17.2,52,7.0,NE,6,1032.6,0
2021-06-30,8.5,17.1,1.8,E,20.0,13:40,11.1,96,1.0, ,Calm,1031.5,16.3,78,0.0,ENE,11,1027.6,1
2021-07-1,4.9,17.1,0.0,NE,15.0,13:33,9.2,98,7.0, ,Calm,1024.9,16.1,77,8.0,ENE,9,1021.4,0
2021-07-2,7.4,19.6,2.4,NNW,26.0,14:52,11.8,96,0.0,WNW,7,1016.5,18.5,49,0.0,NW,15,1014.1,1
2021-07-3,5.4,18.6,0.0,WNW,28.0,12:14,13.5,70,0.0,NNW,11,1017.3,17.1,42,8.0,NW,11,1014.5,0
2021-07-4,3.0,16.3,0.0,NNW,33.0,12:17,11.1,53,0.0,NNW,9,1019.8,15.6,39,0.0,NNW,13,1016.2,0
2021-07-5,3.6,16.3,0.0,W,30.0,00:40,9.5,64,0.0,WNW,9,1020.4,15.4,45,0.0,ENE,13,1018.0,0
2021-07-6,1.7,14.7,0.0,ESE,19.0,13:19,6.6,79,0.0,SW,7,1021.8,13.4,48,1.0,SE,9,1020.8,0
2021-07-7,2.8,15.2,0.0,W,15.0,03:10,6.9,78,5.0,WSW,7,1025.9,14.5,52,4.0,E,9,1023.9,0
2021-07-8,1.6,15.9,0.0,ENE,24.0,13:05,6.3,94,0.0, ,Calm,1023.9,14.5,60,0.0,NE,13,1019.8,0
2021-07-9,3.8,15.5,0.2,SW,30.0,21:38,7.4,85,8.0,WSW,6,1016.2,15.0,65,8.0,SSW,9,1013.1,0
2021-07-10,7.3,16.6,0.0,SSW,43.0,14:24,11.9,62,2.0,SW,15,1020.1,11.8,86,8.0,S,24,1022.0,0
2021-07-11,6.4,15.8,4.0,WSW,20.0,10:36,10.1,86,8.0,SW,9,1028.2,15.4,65,1.0,ENE,9,1025.1,1
2021-07-12,3.3,16.9,0.2,NNE,30.0,15:26,7.4,98,5.0, ,Calm,1023.1,16.9,57,1.0,NNE,22,1018.2,0
2021-07-13,4.4,19.6,0.0,NW,28.0,12:00,14.3,60,0.0,NW,13,1016.4,18.4,44,0.0,N,11,1012.7,0
2021-07-14,4.9,18.0,0.0,NW,44.0,13:30,13.2,56,7.0,N,9,1011.0,15.9,50,8.0,N,11,1006.2,0
2021-07-15,5.9,21.6,0.0,NW,30.0,15:01,15.3,65,0.0,N,9,1003.7,20.9,37,3.0,NNW,17,999.1,0
2021-07-16,8.1,19.1,0.0,NW,44.0,14:23,13.6,57,8.0,NNW,13,992.9,15.8,43,1.0,NW,17,990.1,0
2021-07-17,10.0,16.6,0.0,WSW,43.0,12:47,11.9,52,8.0,NW,13,992.6,15.6,27,1.0,WNW,20,993.4,0
2021-07-18,2.1,18.8,0.0,SW,31.0,10:59,9.8,79,0.0,SSE,7,1010.5,15.8,52,1.0,SE,15,1011.1,0
2021-07-19,2.4,16.0,0.0,W,24.0,22:45,7.2,87,8.0, ,Calm,1017.5,14.8,51,6.0,ENE,11,1012.2,0
2021-07-20,2.2,15.8,0.0,SW,50.0,20:46,12.0,54,8.0,N,6,1007.2,13.6,53,8.0,NNW,11,1002.0,0
2021-07-21,7.9,15.4,0.0,SW,41.0,11:03,10.6,49,0.0,SSW,15,1014.7,14.6,31,0.0,SSW,22,1015.4,0
2021-07-22,-0.6,15.7,0.0,NNE,33.0,16:16,7.2,77,0.0, ,Calm,1018.0,14.5,53,0.0,NE,22,1012.8,0
2021-07-23,3.4,14.7,0.0,N,26.0,11:03,8.5,81,8.0,WNW,7,1009.2,13.2,58,8.0,N,13,1004.9,0
2021-07-24,7.2,18.7,0.4,NNW,39.0,15:24,12.1,76,8.0,NW,7,1000.3,16.8,40,0.0,NNW,20,996.6,0
2021-07-25,5.9,15.9,0.0,W,50.0,13:26,12.3,36,0.0,W,17,1000.7,14.1,27,0.0,W,24,1004.8,0
2021-07-26,4.4,20.2,0.0,WNW,33.0,00:01,15.1,52,0.0,NNW,11,1011.7,18.0,45,7.0,WNW,6,1010.7,0
2021-07-27,6.0,21.2,0.0,NW,33.0,17:04,14.5,59,0.0,NNW,7,1015.6,20.3,33,0.0,NNW,13,1011.9,0
2021-07-28,12.2,23.2,0.0,WNW,65.0,13:02,16.9,41,5.0,NNE,24,1003.7,19.4,41,8.0,NW,15,998.2,0
2021-07-29,5.5,17.8,0.0,W,35.0,02:17,12.4,45,0.0, ,Calm,1012.3,15.9,49,0.0,NE,20,1012.1,0
2021-07-30,-1.0,16.8,0.0,NE,28.0,14:01,7.6,72,0.0, ,Calm,1020.0,15.2,48,0.0,NE,19,1015.8,0
2021-07-31,7.3,21.8,0.0,NNE,35.0,14:07,14.1,42,8.0,NNW,7,1012.4,19.0,38,0.0,NNE,24,1006.0,0
2020-12-1,14.6,26.1,0.0,SSE,65.0,21:21,22.3,57,0.0,NNE,20,1009.4,24.5,66,0.0,NNE,37,1002.8,0
2020-12-2,17.3,19.6,0.0,S,46.0,23:09,18.1,72,8.0,NNE,13,1018.8,19.4,53,8.0,E,13,1020.6,0
2020-12-3,14.9,23.2,0.0,NE,44.0,14:46,18.0,67,8.0,NNW,11,1022.6,21.7,73,0.0,NE,30,1016.7,0
2020-12-4,13.8,25.7,0.0,SSE,52.0,14:51,21.5,70,0.0,ENE,13,1013.8,24.0,68,0.0,E,15,1009.6,0
2020-12-5,15.0,28.4,0.0,NNW,57.0,19:30,20.6,60,1.0,N,22,1011.2,22.4,71,8.0,NE,20,1001.4,0
2020-12-6,19.3,25.9,1.0,W,35.0,18:18,23.0,34,0.0,NW,13,998.3,23.0,61,0.0,E,19,999.2,1
2020-12-7,10.9,28.7,0.2,SSE,54.0,14:12,23.3,27,3.0,W,20,1002.1,25.8,30,1.0,SE,20,1000.5,0
2020-12-8,9.2,22.2,3.0,S,43.0,10:34,17.6,44,0.0,SSW,20,1012.8,19.3,48,0.0,SSE,28,1013.0,1
2020-12-9,11.3,22.9,0.0,ENE,31.0,12:52,19.7,46,0.0,N,9,1018.8,22.2,56,0.0,NE,22,1016.2,0
2020-12-10,11.8,20.8,0.0,SSE,52.0,17:04,18.5,71,8.0,S,17,1020.0,19.2,67,8.0,SSE,30,1021.7,0
2020-12-11,12.5,20.9,0.2,S,31.0,00:10,16.3,51,8.0,SW,15,1031.0,20.0,47,6.0,SE,19,1029.8,0
2020-12-12,11.2,21.7,0.0,E,26.0,09:48,19.0,52,8.0,ESE,15,1032.3,20.6,53,8.0,ESE,17,1030.0,0
2020-12-13,14.3,23.3,7.0,NE,31.0,14:48,17.6,86,8.0,NW,6,1027.2,22.2,68,7.0,ENE,19,1024.0,1
2020-12-14,15.3,25.2,0.8,NE,39.0,14:24,21.9,67,1.0,ESE,9,1021.5,24.3,65,1.0,NE,20,1019.2,0
2020-12-15,17.3,25.1,0.0,NE,39.0,15:11,22.3,67,6.0,N,11,1017.1,24.9,75,6.0,NE,22,1014.0,0
2020-12-16,20.7,24.0,79.0,S,31.0,15:09,21.1,96,8.0,WSW,6,1013.2,22.7,92,8.0,SSE,19,1009.7,1
2020-12-17,19.5,26.8,52.6,NE,31.0,12:25,21.1,94,8.0,NE,7,1005.5,24.1,81,5.0,NE,19,1002.6,1
2020-12-18,19.9,24.8,0.6,S,39.0,19:43,23.5,84,8.0,S,15,1004.3,21.4,76,8.0,SE,17,1008.1,0
2020-12-19,16.0,19.7,0.2,SSW,24.0,08:45,17.4,58,8.0,S,13,1018.3,18.7,63,8.0,E,11,1017.6,0
2020-12-20,15.4,24.3,1.2,ESE,28.0,12:13,19.2,79,8.0,SW,6,1014.2,22.4,69,8.0,SSE,19,1012.0,1
2020-12-21,16.1,23.0,1.8,NNE,31.0,17:43,19.5,81,8.0,WSW,7,1012.8,22.0,75,8.0,NE,17,1008.9,1
2020-12-22,15.5,25.5,7.8,S,43.0,16:49,17.7,90,5.0,S,2,1000.9,24.1,72,1.0,ENE,22,999.0,1
2020-12-23,12.3,23.2,4.0,SSE,30.0,09:44,20.1,68,8.0,S,15,1013.7,21.5,59,8.0,SE,17,1015.6,1
2020-12-24,16.8,23.5,2.2,S,35.0,17:42,19.0,92,8.0,SSW,6,1015.8,19.5,75,8.0,SE,20,1015.1,1
2020-12-25,14.7,20.4,2.4,SSE,22.0,14:53,16.5,73,8.0,SW,13,1020.8,19.1,50,8.0,SE,15,1020.9,1
2020-12-26,15.1,23.7,8.4,E,94.0,18:15,17.0,88,8.0,WNW,7,1020.3,22.9,68,8.0,NNE,28,1015.8,1
2020-12-27,13.5,24.7,46.8,NE,37.0,14:21,20.9,76,0.0,N,13,1012.4,24.1,74,0.0,NE,24,1008.0,1
2020-12-28,17.4,18.0,0.6,S,50.0,03:02,17.5,75,8.0,SSE,26,1009.2,16.2,72,7.0,SSW,17,1011.5,0
2020-12-29,12.8,20.6,3.6,S,31.0,11:57,15.4,78,8.0,WSW,13,1015.9,19.2,66,8.0,SSE,17,1016.4,1
2020-12-30,15.3,22.2,0.0,NE,28.0,14:03,20.1,68,8.0,N,2,1020.0,21.6,65,8.0,NE,20,1019.2,0
2020-12-31,17.1,22.0,0.0,ENE,28.0,10:24,20.4,73,8.0,NNW,9,1020.9,21.3,66,7.0,ENE,17,1020.9,0
2021-02-1,17.6,25.2,0.2,NNE,41.0,13:59,21.1,81,0.0,NNW,9,1016.1,24.0,72,0.0,NNE,30,1010.0,0
2021-02-2,14.8,26.3,33.8,SSE,46.0,16:39,19.0,79,0.0,SSW,13,1010.9,23.7,50,4.0,SE,24,1010.3,1
2021-02-3,15.9,24.3,0.0,S,37.0,23:40,20.1,53,0.0,SW,19,1013.7,23.1,53,0.0,ESE,17,1010.8,0
2021-02-4,16.5,26.5,0.0,NNE,48.0,16:14,22.8,64,5.0,NE,13,1011.6,25.7,64,0.0,NE,30,1008.5,0
2021-02-5,20.4,26.9,0.0,NNE,57.0,14:03,24.0,72,8.0,NE,17,1010.4,26.1,72,3.0,NNE,37,1006.8,0
2021-02-6,21.2,31.4,0.8,NE,50.0,14:33,22.1,86,7.0,N,17,1001.0,25.4,74,0.0,NNE,33,998.1,0
2021-02-7,15.2,23.9,0.0,S,33.0,21:33,21.9,73,0.0,SW,9,1006.4,23.0,60,0.0,ESE,15,1007.7,0
2021-02-8,16.9,22.0,0.0,SSE,33.0,23:32,18.7,62,0.0,S,6,1015.1,21.3,61,7.0,SE,17,1014.0,0
2021-02-9,13.9,23.1,0.0,ESE,31.0,18:02,20.4,53,0.0,S,20,1018.2,21.9,57,0.0,SE,20,1017.2,0
2021-02-10,15.1,21.1,4.6,ENE,26.0,15:39,17.0,88,8.0,W,9,1018.5,19.8,70,7.0,NE,15,1015.9,1
2021-02-11,15.7,24.8,0.0,NNE,37.0,15:36,20.5,67,1.0,N,11,1014.3,24.0,65,0.0,NE,24,1010.6,0
2021-02-12,17.1,23.7,0.0,S,31.0,22:23,19.6,89,7.0,WNW,4,1005.7,22.9,78,8.0,NNE,15,1003.5,0
2021-02-13,18.1,20.9,0.6,S,39.0,23:27,19.1,75,8.0,SSW,11,1009.3,20.2,67,8.0,SE,17,1011.5,0
2021-02-14,12.4,23.2,0.0,SE,33.0,13:53,18.2,74,8.0,SW,7,1017.8,21.6,69,7.0,SE,24,1017.2,0
2021-02-15,17.0,24.0,0.6,S,50.0,15:08,18.9,68,8.0,SSW,17,1021.6,22.3,57,8.0,SSE,26,1021.8,0
2021-02-16,16.2,23.3,1.4,SW,30.0,03:29,17.9,93,8.0,SW,13,1024.3,22.5,72,8.0,ESE,17,1023.7,1
2021-02-17,16.6,23.8,2.8,E,28.0,09:42,19.0,86,5.0,WSW,7,1025.8,23.0,59,1.0,E,19,1025.9,1
2021-02-18,15.8,24.6,0.2,ENE,37.0,17:04,19.9,81,7.0,WSW,7,1026.8,23.9,60,5.0,E,17,1025.0,0
2021-02-19,16.7,25.0,1.2,NNE,33.0,16:37,19.2,92,8.0,NW,6,1022.8,22.9,78,8.0,E,13,1018.8,1
2021-02-20,16.0,26.1,0.4,NE,39.0,13:24,22.7,73,0.0,N,9,1015.6,25.6,70,0.0,NE,24,1012.3,0
2021-02-21,16.7,25.7,0.0,NE,26.0,11:42,22.3,88,0.0,ENE,2,1011.4,24.9,77,0.0,NE,20,1008.4,0
2021-02-22,19.0,20.0,0.0,S,39.0,06:22,19.9,85,8.0,S,22,1008.1,19.7,76,8.0,SSE,26,1008.1,0
2021-02-23,16.5,22.0,0.0,SSE,46.0,15:29,17.8,48,7.0,SSW,28,1013.8,21.0,49,7.0,SSE,22,1015.1,0
2021-02-24,13.6,20.1,0.0,SSW,24.0,10:19,16.3,57,8.0,W,9,1020.4,18.4,73,6.0,SW,13,1018.5,0
2021-02-25,13.6,27.7,2.6,NNE,37.0,15:15,18.4,89,1.0,WSW,6,1011.3,23.8,77,2.0,ENE,19,1006.5,1
2021-02-26,18.4,20.6,0.2,SE,28.0,10:33,18.8,73,8.0,SSE,9,1010.6,19.7,57,8.0,SSE,15,1011.1,0
2021-02-27,16.7,22.8,0.0,E,20.0,13:33,18.4,76,8.0,SW,6,1014.4,22.0,64,3.0,E,17,1012.1,0
2021-02-28,16.3,24.0,0.0,ESE,24.0,12:26,20.4,75,0.0,WSW,9,1013.2,23.5,66,0.0,ESE,17,1011.1,0
2020-10-1,11.6,18.7,1.2,ESE,30.0,10:43,16.6,68,0.0,ESE,13,1013.8,17.4,56,4.0,E,17,1015.4,1
2020-10-2,4.8,22.2,0.0,NE,35.0,14:30,17.3,56,0.0,NE,7,1022.1,20.7,54,0.0,NE,22,1019.9,0
2020-10-3,7.4,33.1,0.0,N,44.0,12:11,22.1,46,0.0,ENE,7,1023.1,28.0,22,0.0,NNE,17,1018.5,0
2020-10-4,10.7,32.3,0.0,NNE,41.0,16:05,22.8,45,0.0,NNW,7,1018.1,22.5,58,0.0,NE,26,1013.7,0
2020-10-5,13.8,32.2,0.0,S,57.0,15:30,27.3,28,0.0,WNW,17,1013.4,29.8,25,4.0,NNW,22,1012.5,0
2020-10-6,13.1,15.7,5.6,SSW,13.0,23:39,13.7,92,8.0,SSW,6,1023.3,15.0,90,8.0,SSE,11,1021.8,1
2020-10-7,13.6,17.5,7.4,NE,13.0,15:43,15.6,95,8.0, ,Calm,1021.3,16.4,95,8.0,E,9,1018.5,1
2020-10-8,15.1,25.8,18.0,NW,52.0,14:13,17.1,96,8.0,N,15,1008.5,24.8,34,0.0,WNW,24,1004.7,1
2020-10-9,10.7,25.4,0.0,WNW,41.0,15:36,17.6,49,0.0,WNW,15,1010.9,24.2,27,8.0,WNW,15,1009.7,0
2020-10-10,6.3,21.0,0.0,ENE,35.0,14:39,15.2,69,0.0,SE,2,1017.5,19.1,51,6.0,NE,19,1014.3,0
2020-10-11,8.8,19.6,0.0,SSE,31.0,11:24,15.6,79,5.0,SW,9,1021.3,16.6,66,8.0,SE,15,1021.0,0
2020-10-12,13.2,19.9,1.0,NE,30.0,11:41,15.3,87,6.0,WNW,6,1025.0,19.2,76,0.0,NE,20,1020.9,1
2020-10-13,9.3,23.5,0.2,S,46.0,17:34,17.4,68,0.0,WNW,4,1020.8,19.2,73,8.0,SSE,19,1022.8,0
2020-10-14,13.1,18.8,0.4,NE,24.0,17:34,13.7,94,8.0,WSW,9,1028.6,16.8,78,8.0,ENE,13,1025.4,0
2020-10-15,12.0,31.4,1.2,NE,41.0,13:00,18.7,69,0.0,NNE,15,1017.9,21.1,70,0.0,NE,30,1010.4,1
2020-10-16,13.6,17.0,4.6,SSE,41.0,05:15,13.8,84,8.0,SSW,11,1020.7,16.3,56,8.0,SE,17,1020.3,1
2020-10-17,12.4,22.9,2.0,SSE,39.0,19:54,14.4,87,8.0,N,7,1013.2,21.3,69,6.0,NNE,26,1006.5,1
2020-10-18,14.3,19.7,5.8,SSE,24.0,19:26,15.7,82,8.0,SE,15,1011.1,18.8,64,8.0,ESE,17,1011.4,1
2020-10-19,12.4,17.6,0.2,SSE,24.0,00:11,14.2,59,8.0,SSW,7,1018.3,16.8,52,0.0,E,15,1017.5,0
2020-10-20,13.0,20.0,0.0,NE,33.0,14:11,16.3,68,8.0,SSW,9,1020.0,19.2,65,0.0,NE,22,1017.0,0
2020-10-21,10.6,21.8,0.0,NNE,44.0,15:36,19.4,64,0.0,NNE,13,1015.8,21.4,69,4.0,NNE,30,1011.9,0
2020-10-22,16.1,20.0,0.0,SW,33.0,00:24,16.7,80,8.0,SSW,15,1016.3,18.1,78,8.0,SE,17,1013.9,0
2020-10-23,13.0,24.2,0.0,NE,44.0,13:28,17.7,85,0.0,NNW,13,1012.6,23.6,61,0.0,NNE,31,1007.2,0
2020-10-24,17.2,24.4,0.6,S,46.0,17:20,20.8,78,0.0,NE,11,1002.2,19.8,82,8.0,NE,19,999.7,0
2020-10-25,10.6,15.6,11.0,SE,41.0,20:25,10.9,80,7.0,WSW,17,1015.5,13.5,76,8.0,SSW,19,1016.8,1
2020-10-26,10.4,16.8,11.8,SSE,46.0,11:56,11.4,81,8.0,SSW,20,1023.4,15.9,57,8.0,SSE,28,1022.0,1
2020-10-27,10.6,18.1,14.4,SW,33.0,01:41,12.1,92,8.0,SW,15,1023.5,17.1,69,8.0,S,19,1020.5,1
2020-10-28,12.0,19.2,4.8,SE,26.0,09:25,15.7,79,8.0,SW,15,1020.6,18.3,68,0.0,ESE,17,1017.1,1
2020-10-29,13.3,20.2,0.0,SE,28.0,09:28,16.8,76,6.0,SW,9,1014.3,19.1,73,7.0,SE,17,1011.0,0
2020-10-30,11.9,20.8,0.6,E,30.0,22:57,16.4,90,4.0,W,7,1011.2,20.1,67,6.0,ESE,17,1010.3,0
2020-10-31,16.3,18.0,8.6,ESE,52.0,12:12,17.0,92,8.0,ESE,28,1010.5,16.9,84,8.0,ENE,22,1009.9,1
2021-09-1,7.2,21.4,0.2,ESE,20.0,10:13,18.1,52,1.0,WSW,9,1025.9,19.0,72,0.0,NE,15,1025.7,0
2021-09-2,4.3,21.1,0.0,NNE,52.0,15:04,15.0,66,0.0, ,Calm,1029.1,19.7,72,0.0,NNE,37,1023.3,0
2021-09-3,10.9,21.6,0.0,NNE,41.0,15:01,18.3,76,0.0,NNE,19,1022.4,21.1,66,1.0,NNE,31,1016.7,0
2021-09-4,13.0,17.7,0.2,NW,33.0,08:48,17.6,72,8.0,WNW,13,1016.4,15.4,95,7.0,NNE,19,1014.2,0
2021-09-5,11.7,14.6,19.4,W,30.0,11:17,13.2,85,8.0,W,11,1011.2,10.8,84,8.0,NW,7,1013.5,1
2021-09-6,4.0,19.0,5.6,SSW,56.0,09:19,14.6,41,0.0,SW,33,1022.9,18.3,30,0.0,S,26,1024.1,1
2021-09-7,0.7,18.3,0.0,ESE,35.0,13:41,14.7,46,0.0,W,9,1024.6,16.7,58,0.0,ESE,17,1023.9,0
2021-09-8,4.1,19.4,0.0,NE,31.0,12:17,13.8,73,0.0,SW,7,1030.9,17.6,65,0.0,NE,17,1025.4,0
2021-09-9,3.9,25.9,0.2,N,33.0,20:44,19.2,30,0.0,NW,11,1023.0,23.6,27,0.0,NW,15,1017.5,0
2021-09-10,13.3,21.7,0.0,S,43.0,03:46,15.8,68,8.0,ESE,9,1022.2,15.9,64,8.0,NE,13,1021.1,0
2021-09-11,6.4,28.8,0.0,NW,52.0,11:12,20.4,37,7.0,ENE,7,1013.3,28.4,14,0.0,NW,19,1006.5,0
2021-09-12,17.0,18.5,0.0,SSE,46.0,11:15,18.0,66,0.0,SE,17,1002.8,16.2,78,8.0,SSE,15,1004.0,0
2021-09-13,5.7,16.0,0.0,SSE,44.0,16:25,12.9,56,8.0,S,20,1015.7,14.6,54,7.0,SSE,24,1017.0,0
2021-09-14,6.2,16.0,0.4,SSE,46.0,14:00,12.7,59,8.0,SSW,22,1025.1,14.5,59,5.0,S,30,1024.1,0
2021-09-15,4.2,16.1,0.0,SE,33.0,11:49,12.8,55,8.0,SSW,13,1026.3,14.7,60,4.0,SSE,20,1024.0,0
2021-09-16,7.6,15.7,1.0,ESE,26.0,13:02,13.3,66,0.0,SW,13,1025.3,15.3,64,0.0,ESE,15,1022.3,1
2021-09-17,3.5,22.2,0.0,NNE,39.0,14:30,15.0,62,0.0,NNE,13,1020.9,19.1,63,0.0,NNE,30,1014.4,0
2021-09-18,13.8,25.0,0.0,W,57.0,14:31,22.1,49,1.0,NW,24,1010.6,24.4,23,0.0,W,20,1009.4,0
2021-09-19,3.8,22.6,0.0,NNW,44.0,12:51,16.4,42,0.0,N,13,1019.0,21.5,27,0.0,NW,20,1014.0,0
2021-09-20,9.6,24.7,0.0,W,72.0,14:17,21.0,32,0.0,N,15,1009.0,18.1,38,8.0,WSW,35,1008.2,0
2021-09-21,3.1,17.4,0.0,SSW,56.0,11:06,13.6,40,0.0,SSW,22,1017.1,15.4,52,0.0,SSE,28,1018.7,0
2021-09-22,2.2,17.0,0.0,ENE,22.0,12:46,15.0,48,0.0,SSE,7,1023.9,16.1,55,0.0,ENE,17,1020.7,0
2021-09-23,4.6,26.1,0.0,NE,35.0,13:41,15.8,65,0.0,ENE,9,1017.8,20.6,60,0.0,NE,22,1011.9,0
2021-09-24,9.7,26.9,0.0,WNW,48.0,12:27,21.9,38,0.0,NW,17,1010.2,25.6,22,4.0,WNW,20,1005.3,0
2021-09-25,11.3,13.9,0.0,SE,41.0,00:45,13.7,62,8.0,SSE,20,1016.3,12.7,64,8.0,SSE,19,1018.6,0
2021-09-26,6.0,15.7,0.4,SE,31.0,11:18,12.8,45,0.0,SSW,17,1028.1,14.7,53,1.0,SE,19,1027.1,0
2021-09-27,7.0,18.0,0.0,NNE,43.0,15:16,14.9,59,0.0,ENE,9,1025.8,17.1,59,0.0,NE,28,1020.6,0
2021-09-28,5.3,21.0,0.0,NNE,39.0,14:23,17.1,58,2.0,NNW,9,1019.9,20.3,58,0.0,NNE,28,1014.9,0
2021-09-29,9.3,17.8,0.0,NNE,20.0,18:37,16.6,82,8.0,SE,11,1017.2,16.0,92,8.0,SE,7,1013.9,0
2021-09-30,14.8,24.5,8.2,NE,43.0,12:32,16.7,81,8.0,NNW,9,1010.2,19.7,60,8.0,NE,19,1006.8,1
2021-03-1,14.5,35.6,0.0,S,67.0,16:24,20.9,80,0.0,N,7,1008.6,33.6,25,0.0,NNW,13,1002.3,0
2021-03-2,15.8,21.9,0.0,SSE,44.0,11:08,16.5,47,0.0,SSW,20,1012.2,21.2,39,0.0,SSE,22,1012.4,0
2021-03-3,12.0,21.4,0.0,SSW,33.0,03:05,16.4,50,0.0,WNW,9,1017.1,20.9,40,0.0,E,17,1015.4,0
2021-03-4,10.7,25.0,0.0,ENE,26.0,12:32,17.9,66,0.0,N,9,1013.5,24.2,53,0.0,ENE,20,1008.5,0
2021-03-5,13.1,22.7,0.0,S,46.0,08:47,19.0,47,0.0,S,24,1008.8,20.9,46,0.0,SSE,24,1009.2,0
2021-03-6,12.0,22.6,0.0,ESE,30.0,12:35,17.3,49,0.0,W,13,1013.6,21.2,44,1.0,SE,19,1013.0,0
2021-03-7,15.4,24.0,0.6,NE,41.0,14:41,18.1,78,2.0,WNW,2,1014.9,22.8,59,0.0,NE,28,1011.0,0
2021-03-8,13.8,25.2,0.0,S,24.0,15:49,17.2,95,7.0,SSW,4,1010.2,23.6,79,8.0,NNE,9,1006.9,0
2021-03-9,14.9,24.2,2.4,SSE,30.0,12:35,18.2,95,8.0,SW,7,1012.5,22.4,63,0.0,SE,20,1013.4,1
2021-03-10,16.7,21.3,5.6,E,20.0,16:01,17.1,94,8.0,W,7,1021.6,20.5,64,8.0,ENE,11,1020.9,1
2021-03-11,14.5,26.0,0.4,NNE,48.0,15:00,19.0,91,0.0,NW,6,1021.0,26.0,66,0.0,NNE,30,1017.8,0
2021-03-12,18.8,24.0,19.8,NNE,39.0,13:35,19.4,95,8.0,WNW,9,1018.3,21.6,87,8.0,NNE,26,1015.8,1
2021-03-13,17.1,29.2,7.2,S,59.0,21:02,21.2,93,0.0, ,Calm,1012.5,26.7,72,0.0,NE,26,1007.2,1
2021-03-14,13.4,17.9,24.4,S,57.0,04:34,13.6,91,8.0,SW,17,1016.7,16.2,70,8.0,SSW,13,1018.1,1
2021-03-15,8.0,20.1,4.4,E,20.0,11:23,13.3,71,0.0,W,11,1023.6,19.4,45,0.0,E,13,1021.8,1
2021-03-16,11.2,21.1,0.2,SSE,30.0,11:09,15.6,76,8.0,W,9,1026.4,18.7,87,8.0,SE,19,1026.0,0
2021-03-17,14.8,21.3,1.4,SE,41.0,11:23,15.8,88,8.0, ,Calm,1028.2,17.9,90,8.0,S,15,1027.0,1
2021-03-18,15.8,23.9,11.4,E,43.0,06:55,21.1,75,8.0,ESE,22,1026.8,23.0,67,8.0,E,26,1026.0,1
2021-03-19,17.0,22.7,10.2,ENE,43.0,09:29,17.8,94,0.0,WSW,9,1028.5,21.7,76,5.0,ESE,24,1027.9,1
2021-03-20,17.6,22.1,13.0,SE,50.0,09:48,20.9,73,8.0,SE,31,1027.9,19.7,94,8.0,ESE,28,1025.1,1
2021-03-21,18.7,22.3,28.0,ENE,63.0,01:31,21.6,76,8.0,ENE,26,1026.5,22.0,78,8.0,S,2,1025.3,1
2021-03-22,17.9,20.0,47.0,NE,43.0,06:34,19.4,89,8.0,NE,26,1024.1,19.5,88,8.0,NE,6,1020.5,1
2021-03-23,17.4,22.3,33.8,NE,65.0,10:40,19.1,96,8.0,NE,26,1009.8,19.6,95,8.0,NNE,24,1001.7,1
2021-03-24,15.8,29.3,57.8,NW,41.0,14:27,22.3,68,0.0,NE,9,994.8,28.2,37,2.0,NW,19,994.0,1
2021-03-25,15.1,25.7,0.0,SSE,48.0,17:20,19.8,75,8.0,NW,7,1001.5,19.5,86,7.0,NE,22,1001.1,0
2021-03-26,12.7,21.0,5.6,ESE,20.0,12:05,15.8,85,0.0,SW,7,1013.6,20.2,62,0.0,ESE,15,1011.4,1
2021-03-27,11.8,24.8,0.0,W,35.0,17:23,16.7,83,0.0,NNE,4,1012.3,22.2,56,7.0,NNE,13,1009.5,0
2021-03-28,12.5,22.2,0.2,ENE,26.0,13:30,15.5,88,4.0,NW,6,1017.4,21.5,61,1.0,ENE,20,1015.8,0
2021-03-29,12.5,22.7,0.0,SSE,37.0,16:46,15.6,86,0.0,SW,11,1020.3,21.8,53,1.0,ESE,17,1019.5,0
2021-03-30,9.6,21.1,0.0,S,26.0,09:47,14.5,70,1.0,WSW,9,1025.0,20.6,45,0.0,SE,13,1023.4,0
2021-03-31,9.9,22.1,0.0,WSW,24.0,09:44,14.5,76,0.0,WSW,13,1025.7,21.2,55,0.0,ESE,13,1023.6,0
2021-10-1,10.6,20.6,4.0,W,33.0,01:59,18.4,69,0.0,NNW,7,1006.5,16.3,90,8.0,ESE,19,1002.4,1
2021-10-2,8.6,19.3,3.6,SE,26.0,10:23,18.1,70,8.0,SSE,9,1004.1,17.8,73,8.0,ENE,11,1001.9,1
2021-10-3,8.3,20.7,2.0,ENE,26.0,11:38,14.8,90,0.0,SSW,4,1003.6,19.8,67,0.0,NE,19,999.4,1
2021-10-4,13.0,27.8,0.0,WNW,48.0,16:12,18.3,68,7.0,SW,7,999.0,26.9,26,1.0,NNW,20,994.9,0
2021-10-5,7.7,22.9,0.0,W,41.0,11:57,16.4,42,5.0,NW,13,1004.8,22.7,27,7.0,WSW,24,1004.5,0
2021-10-6,5.1,19.7,0.0,ENE,28.0,12:05,15.3,53,0.0,N,6,1014.5,19.2,46,0.0,ENE,20,1011.2,0
2021-10-7,9.5,26.2,0.0,SSE,65.0,10:44,19.6,41,0.0,N,17,1005.2,16.9,49,0.0,SSE,31,1009.2,0
2021-10-8,9.8,19.5,0.0,NE,46.0,15:35,16.0,58,3.0,N,11,1019.0,18.8,63,0.0,NE,26,1015.6,0
2021-10-9,8.5,21.3,0.0,NE,24.0,14:56,16.1,60,0.0,SSW,6,1015.6,20.4,51,0.0,NE,15,1012.2,0
2021-10-10,9.4,17.4,0.0,S,41.0,06:17,16.2,71,8.0,S,19,1011.4,15.0,74,8.0,SSE,26,1009.8,0
2021-10-11,7.8,17.1,4.2,S,41.0,09:18,12.9,53,0.0,SW,20,1017.3,16.9,43,0.0,SE,19,1017.3,1
2021-10-12,9.8,15.9,2.0,SW,28.0,23:48,13.5,74,8.0,SSW,13,1020.4,14.1,81,8.0,ESE,7,1018.4,1
2021-10-13,11.3,17.3,3.2,NNE,52.0,20:47,12.7,93,8.0,W,7,1018.1,15.5,76,8.0,N,9,1014.1,1
2021-10-14,12.7,21.8,12.8,NNE,30.0,11:15,14.6,90,6.0,NW,9,1008.1,18.3,80,8.0,NE,11,1003.8,1
2021-10-15,11.0,19.1,8.0,WNW,28.0,07:39,12.7,77,8.0,NNW,13,1002.2,16.5,62,8.0,SSW,11,997.7,1
2021-10-16,7.3,22.5,4.0,WSW,48.0,15:38,16.0,51,0.0,NW,17,999.1,20.7,40,5.0,SSW,20,1000.6,1
2021-10-17,6.5,18.7,0.2,ENE,28.0,12:38,14.0,54,0.0,SW,6,1014.0,17.9,49,0.0,ENE,20,1012.7,0
2021-10-18,5.8,21.3,0.0,WSW,30.0,20:12,15.3,65,0.0,SSW,9,1015.2,20.5,47,0.0,ENE,15,1012.6,0
2021-10-19,11.2,15.9,4.4,S,37.0,03:19,12.1,86,8.0,WSW,15,1018.0,14.5,67,8.0,SSW,20,1018.4,1
2021-10-20,11.3,,17.8,,,,15.8,89,8.0,SSE,22,1020.6,17.2,86,8.0,S,17,1019.3,1
2021-05-1,9.0,22.1,0.0,NE,31.0,14:40,16.2,88,0.0, ,Calm,1030.0,21.2,73,0.0,NE,20,1026.9,0
2021-05-2,10.6,22.7,0.0,NNE,31.0,15:34,16.2,93,0.0,ENE,2,1027.2,22.0,65,0.0,NNE,24,1022.9,0
2021-05-3,9.2,22.9,0.2,SW,44.0,20:13,16.7,83,0.0,W,4,1020.5,22.1,68,2.0,E,9,1016.6,0
2021-05-4,13.4,16.0,8.4,SW,33.0,21:00,14.2,93,7.0,WSW,9,1017.2,15.0,93,8.0,SSW,9,1016.4,1
2021-05-5,14.1,20.2,38.0,SSE,59.0,10:57,16.0,96,8.0,SSW,20,1018.3,16.7,92,7.0,SW,20,1016.9,1
2021-05-6,15.8,20.3,67.8,ESE,43.0,13:36,20.0,79,8.0,SSE,20,1019.1,19.1,91,8.0,ESE,20,1016.9,1
2021-05-7,17.1,19.9,26.4,SW,33.0,08:34,17.1,96,7.0,SW,17,1014.1,19.6,86,8.0,SW,9,1011.2,1
2021-05-8,10.9,22.3,11.8,WSW,19.0,08:56,15.8,92,0.0,SW,15,1012.0,20.1,84,3.0,ENE,7,1011.6,1
2021-05-9,12.8,21.0,0.0,NE,26.0,14:33,16.0,82,5.0,SW,9,1019.4,20.1,74,0.0,NE,17,1015.8,0
2021-05-10,9.2,24.2,0.0,NW,28.0,12:54,16.1,86,0.0, ,Calm,1013.2,21.3,50,8.0,NNW,9,1009.4,0
2021-05-11,13.3,19.8,3.0,S,41.0,14:41,15.3,89,0.0,WSW,7,1014.4,16.1,81,4.0,SSE,26,1015.5,1
2021-05-12,11.4,20.9,0.2,W,20.0,01:15,16.7,72,0.0,SW,7,1021.1,19.5,72,8.0,SE,13,1018.8,0
2021-05-13,9.8,20.1,0.2,W,19.0,06:57,13.8,80,0.0,SW,7,1013.6,19.1,60,7.0,E,9,1008.4,0
2021-05-14,7.2,20.4,0.0,W,28.0,15:03,12.2,73,0.0,WSW,6,1011.2,19.2,32,4.0,W,17,1009.7,0
2021-05-15,7.3,18.1,0.0,SW,57.0,12:35,14.5,47,0.0,NW,13,1008.8,14.2,39,8.0,SW,28,1011.3,0
2021-05-16,4.3,16.3,0.0,W,24.0,22:30,10.6,53,0.0,WSW,9,1020.8,16.3,41,0.0,NE,15,1016.7,0
2021-05-17,7.3,18.5,0.0,WSW,33.0,10:47,13.8,58,0.0,WSW,9,1021.7,18.0,32,0.0,SW,13,1022.0,0
2021-05-18,3.8,16.8,0.0,ENE,19.0,12:40,9.5,78,0.0,SW,9,1029.1,16.6,55,0.0,ENE,11,1026.0,0
2021-05-19,4.2,17.0,0.0,SE,15.0,12:08,10.4,73,0.0,W,7,1028.2,16.2,59,0.0,E,9,1025.3,0
2021-05-20,2.7,20.0,0.0,SW,19.0,23:44,11.3,61,3.0,W,11,1026.0,18.9,46,7.0,ENE,9,1024.9,0
2021-05-21,5.9,17.7,0.0,SSW,24.0,10:33,11.3,78,0.0,SW,9,1032.2,16.8,51,0.0,SSE,11,1029.2,0
2021-05-22,6.3,18.6,0.2,NNE,22.0,16:03,12.1,73,0.0,WSW,6,1028.1,18.5,58,0.0,NE,15,1024.5,0
2021-05-23,6.6,19.0,0.0,ESE,20.0,12:55,11.0,81,6.0,WSW,7,1028.1,16.5,77,8.0,ESE,13,1027.5,0
2021-05-24,10.6,19.9,0.6,N,24.0,16:02,15.1,85,1.0,SW,6,1031.0,18.6,73,7.0,NNE,13,1028.1,0
2021-05-25,8.3,22.9,0.2,NNE,39.0,15:16,13.2,96,0.0,NW,7,1023.9,20.8,60,0.0,NNE,26,1016.3,0
2021-05-26,13.2,21.0,0.0,N,37.0,00:49,17.1,43,0.0,NNW,11,1014.1,20.5,26,0.0,W,20,1013.2,0
2021-05-27,2.9,19.7,0.0,WSW,20.0,23:44,12.4,57,0.0,WSW,4,1022.5,18.0,42,0.0,ENE,13,1019.9,0
2021-05-28,4.1,15.7,0.0,SW,54.0,11:46,13.5,43,7.0,SW,15,1025.2,14.7,43,1.0,SSW,19,1026.0,0
2021-05-29,7.7,15.9,0.0,SSW,46.0,11:52,11.3,49,0.0,SW,22,1030.4,15.2,40,0.0,S,22,1028.3,0
2021-05-30,8.7,16.0,0.0,WSW,35.0,09:12,12.0,59,7.0,WSW,17,1029.8,15.2,48,1.0,S,15,1027.4,0
2021-05-31,2.8,16.0,0.0,ENE,19.0,14:51,7.5,77,0.0,SW,9,1025.9,15.5,60,0.0,NE,15,1022.7,0
